{"schemaVersion":"1.0","appDefinitionTemplate":{"id":"/providers/Microsoft.PowerApps/apps/","type":"Microsoft.PowerApps/apps","tags":{"primaryDeviceWidth":"1366","primaryDeviceHeight":"768","supportsPortrait":"true","supportsLandscape":"true","primaryFormFactor":"Tablet","showStatusBar":"false","publisherVersion":"3.24051.23","minimumRequiredApiVersion":"2.2.0","hasComponent":"false","hasUnlockedComponent":"false","isUnifiedRootApp":"false","sienaVersion":"20240519T174659Z-3.24051.23.0"},"properties":{"appVersion":"2024-05-19T17:46:59Z","lifeCycleId":"Published","createdByClientVersion":{"major":3,"minor":24051,"build":23,"revision":0,"majorRevision":0,"minorRevision":0},"minClientVersion":{"major":3,"minor":24051,"build":23,"revision":0,"majorRevision":0,"minorRevision":0},"backgroundColor":"RGBA(0,176,240,1)","backgroundImageUri":"/754195299154555907/Nfd98e9b7-dc46-445e-80ec-ac204e344264-logoSmallFile","displayName":"Leltár menedzsment","description":"","commitMessage":"","appUris":{"documentUri":{"value":"/754195299154555907/N47d5b026-d2b8-403c-8b88-c645f6fc79fd-document.msapp"},"imageUris":[],"additionalUris":[{"isSolutionAware":false,"value":"/754195299154555907/N9b952e08-aa84-4619-ad86-fa5575ba1c20-identity.json"}]},"createdTime":"0001-01-01T00:00:00Z","lastModifiedTime":"0001-01-01T00:00:00Z","sharedGroupsCount":0,"sharedUsersCount":0,"connectionReferences":{"0fdbbeec-868b-4ec5-8762-f03d7fec8adc":{"id":"f7efa42e-2513-4f52-b2ce-577e8e5d1925","displayName":"SharePoint","iconUri":"https://connectoricons-prod.azureedge.net/releases/v1.0.1685/1.0.1685.3700/sharepointonline/icon.png","dataSources":["Eszközök","Leltár ellenőrzés"],"dependencies":[],"dependents":[],"parameterHints":{},"parameterHintsV2":{},"isOnPremiseConnection":false,"bypassConsent":false,"dataSets":{"https://unineumannhu-my.sharepoint.com/personal/nt8f7c_hallgato_uni-neumann_hu":{"dataSources":{"Eszközök":{"tableName":"dd5ffdbd-a51f-4dda-98a1-31b141d938b3"},"Leltár ellenőrzés":{"tableName":"ae3afc71-dfe5-4f8a-9002-d5ac002c7378"}}}},"apiTier":"Standard","isCustomApiConnection":false}},"databaseReferences":{},"almMode":"Environment","performanceOptimizationEnabled":false,"canConsumeAppPass":false,"enableModernRuntimeMode":false,"executionRestrictions":{"isTeamsOnly":false,"dataLossPreventionEvaluationResult":{"status":"Compliant","lastEvaluationDate":"2024-05-19T17:47:03.1761529Z","violations":[],"violationsByPolicy":[],"violationErrorMessage":"Az alkalmazás a következő összekötőket használja: shared_sharepointonline."}}},"appType":"ClassicCanvasApp","appComponents":[]}}